{
  "version": 1,
  "kind": "deterministic-heuristic",
  "deterministic": true,
  "scenarioFingerprint": {
    "version": 1,
    "scenarioSha256": "99668388bf92cbf837f6e2df8ae963fa6ee9d42d6a4f5c84458c51cc73d92eda",
    "projectDataSha256": "a22fb5b668c7c9219bc346ea8d79b34f37f100ab09ba13245fcb0860e0aaf8fc",
    "engineSourceSha256": "6f22937f7e50dee2990bc39b4962469083191457f9a47cbfb26048a29688e6fe",
    "instanceSha256": "6f1584ef61b09bf9a95ffab921febef23b8df3d36b5d1081f2d3a8a9ab20240f"
  },
  "weights": {
    "kill": 93.23491758459866,
    "bossKill": 359.8729063947479,
    "damage": 3.5953247940326767,
    "counterDamage": 3.9288276656695342,
    "lethalRisk": 2937.4529112163796,
    "progress": 15.437672405984735,
    "danger": 3.7493168962481045,
    "wall": 93.43040918641576,
    "heal": 2.945833880122462,
    "stayHealthy": 3.283912899318966,
    "unitBias": {
      "Seth": 11.212507020682096,
      "Eirika": -0.24568479508161545,
      "Franz": -15.172063071280718,
      "Gilliam": 12.12405121512711,
      "Garcia": 5.876928526908159,
      "Vanessa": -2.730988560244441,
      "Ross": 10.587668279185891,
      "Neimi": 6.234090179204941,
      "Moulder": -19.681827392429113
    },
    "unitRisk": {}
  },
  "selection": {
    "trainManifestFingerprint": "25cde6e90298ede0741a4579ef6680f374438c1beab74aa6ebd954a0ae6d0f66",
    "validationManifestFingerprint": "f05fbc1f52cb112e5bb35f047bbcdabd301065c419238c3ba8a6a188c106e85d",
    "iterations": 100,
    "searchSeed": 20260721,
    "selectedCheckpointIteration": 95,
    "checkpointsEvaluated": 9,
    "trainScore": [
      2,
      4,
      5,
      79,
      79,
      61.833333333333336,
      6,
      83.75
    ],
    "validationScore": [
      0,
      5,
      6,
      98,
      98,
      71.33333333333333,
      4,
      65
    ]
  },
  "fingerprint": "0d70631c4c3caa979a4b29628c99dfcfa68e3cf76cd48cb2e9081d4675e72e16"
}
