{
  "scenario": "Sacred Stones Ch. 3: The Bandits of Borgo",
  "levelNid": "3",
  "objective": "seize",
  "seed": 3,
  "rngState": 800930364,
  "rngMode": "true_hit",
  "policy": {
    "kill": 624.2409449380239,
    "bossKill": 165.19485786532627,
    "damage": 3.013027007037718,
    "counterDamage": 6.256912267709435,
    "lethalRisk": 2315.002060914161,
    "progress": 7.359053681064232,
    "danger": 11.417250761120608,
    "wall": 78.8956993251235,
    "heal": 4.9446903212091415,
    "stayHealthy": 0.605705437560799,
    "unitBias": {
      "Seth": 13.253777453675866,
      "Eirika": 5.023506712168455,
      "Franz": 17.083668993785977,
      "Gilliam": 13.228252679109573,
      "Garcia": 6.080336837098002,
      "Vanessa": -15.023776227608323,
      "Ross": -9.266378711909056,
      "Neimi": -5.218226790428162,
      "Moulder": -17.505330681800842
    },
    "unitRisk": {
      "Eirika": 1.0319374371234498,
      "Seth": 1.2093024680472022,
      "Franz": 1.0316263054040902,
      "Gilliam": 0.8685922262218873,
      "Vanessa": 0.8027038730870875,
      "Moulder": 0.9832138900481359,
      "Ross": 0.8903991903114765,
      "Garcia": 0.9300889478123444,
      "Neimi": 0.9897525548893293
    }
  },
  "metrics": {
    "cleared": true,
    "lost": false,
    "turns": 7,
    "actions": 86,
    "combats": 26,
    "damageTaken": 0,
    "healingReceived": 0,
    "playerDeaths": 0,
    "enemiesDefeated": 10,
    "wallsBroken": 3,
    "remainingPlayerHp": 204,
    "remainingEnemyHp": 0
  },
  "score": [
    0,
    0,
    0,
    7,
    86
  ],
  "interactions": {
    "visitedRegions": [],
    "openedChests": [],
    "openedDoors": [],
    "destroyedRegions": [],
    "recruitedUnits": [],
    "requirementsSatisfied": true
  },
  "benchmark": {
    "version": 1,
    "scenarioSha256": "4f69d1d551da0840ecba88f41eb433df116de885fd0c82e8485f986e38f8616c",
    "projectDataSha256": "a22fb5b668c7c9219bc346ea8d79b34f37f100ab09ba13245fcb0860e0aaf8fc",
    "engineSourceSha256": "6f22937f7e50dee2990bc39b4962469083191457f9a47cbfb26048a29688e6fe",
    "instanceSha256": "5d221d51b3d17c5fbd62e665f4c849b47bf5bf998509d3b771f2087e760dbea3"
  }
}
