{
  "scenario": "Sacred Stones Ch. 3: The Bandits of Borgo",
  "levelNid": "3",
  "objective": "seize",
  "seed": 3,
  "rngState": 3456155438,
  "rngMode": "true_hit",
  "policy": {
    "kill": 624.2409449380239,
    "bossKill": 165.19485786532627,
    "damage": 3.013027007037718,
    "counterDamage": 6.256912267709435,
    "lethalRisk": 2315.002060914161,
    "progress": 7.359053681064232,
    "danger": 11.417250761120608,
    "wall": 78.8956993251235,
    "heal": 4.9446903212091415,
    "stayHealthy": 0.605705437560799,
    "unitBias": {
      "Seth": 13.253777453675866,
      "Eirika": 5.023506712168455,
      "Franz": 17.083668993785977,
      "Gilliam": 13.228252679109573,
      "Garcia": 6.080336837098002,
      "Vanessa": -15.023776227608323,
      "Ross": -9.266378711909056,
      "Neimi": -5.218226790428162,
      "Moulder": -17.505330681800842
    },
    "unitRisk": {
      "Eirika": 1.0319374371234498,
      "Seth": 1.2093024680472022,
      "Franz": 1.0316263054040902,
      "Gilliam": 0.8685922262218873,
      "Vanessa": 0.8027038730870875,
      "Moulder": 0.9832138900481359,
      "Ross": 0.8903991903114765,
      "Garcia": 0.9300889478123444,
      "Neimi": 0.9897525548893293
    }
  },
  "metrics": {
    "cleared": true,
    "lost": false,
    "turns": 6,
    "actions": 73,
    "combats": 22,
    "damageTaken": 0,
    "healingReceived": 0,
    "playerDeaths": 0,
    "enemiesDefeated": 10,
    "wallsBroken": 3,
    "remainingPlayerHp": 203,
    "remainingEnemyHp": 0
  },
  "score": [
    0,
    0,
    0,
    6,
    73
  ],
  "interactions": {
    "visitedRegions": [],
    "openedChests": [],
    "openedDoors": [],
    "destroyedRegions": [],
    "recruitedUnits": [],
    "requirementsSatisfied": true
  },
  "benchmark": {
    "version": 1,
    "scenarioSha256": "fd462f84bd499b98fca5b19e7822ec06095c34dc3fc8256d638c744fd951e5e1",
    "projectDataSha256": "a22fb5b668c7c9219bc346ea8d79b34f37f100ab09ba13245fcb0860e0aaf8fc",
    "engineSourceSha256": "d5feb2d95677c32e51ebf82c32e40e1a2ee4d7d306a79d3d8e76ffdec16a465c",
    "instanceSha256": "f6338c2602c8b005ade0817a075f0dfac0bc4ef0fe4aeb06ada1293b6c55bec8"
  }
}
