{
  "scenario": "Sacred Stones Ch. 4: Ancient Horrors",
  "levelNid": "4",
  "objective": "rout",
  "seed": 4,
  "rngState": 545165577,
  "rngMode": "true_hit",
  "policy": {
    "kill": 62.21669880028063,
    "bossKill": 1919.1892889211333,
    "damage": 1.3138735643336754,
    "counterDamage": 19.07276588787063,
    "lethalRisk": 996.835390888948,
    "progress": 11.097115148227692,
    "danger": 2.7195824744620354,
    "wall": 336.745489792144,
    "heal": 1.6924606235387898,
    "stayHealthy": 28.92268162999958,
    "unitBias": {
      "Seth": -8.111152024939656,
      "Eirika": 6.704451102763414,
      "Franz": 22.939579736441374,
      "Gilliam": 25.28621352277696,
      "Garcia": 81.71840366721153,
      "Vanessa": -18.13453410938382,
      "Ross": 11.140519127249718,
      "Neimi": 9.909088177606463,
      "Moulder": 12.26349033229053
    }
  },
  "metrics": {
    "cleared": true,
    "lost": false,
    "turns": 5,
    "actions": 83,
    "combats": 39,
    "damageTaken": 22,
    "healingReceived": 22,
    "playerDeaths": 0,
    "enemiesDefeated": 22,
    "wallsBroken": 1,
    "remainingPlayerHp": 190,
    "remainingEnemyHp": 0
  },
  "score": [0, 0, 22, 5, 83]
}
